year,month,maker,units,units_ytd
2026,6,Toyota,6494,35410
2026,6,Mitsubishi,3158,21617
2026,6,Ford,2741,21232
2026,6,THACO KIA,2675,15732
2026,6,THACO MAZDA,2361,15298
2026,6,THACO TRUCK,2173,12519
2026,6,Honda,2002,11305
2026,6,Isuzu,900,5385
2026,6,Suzuki,654,3814
2026,6,Hino,229,1667
2026,6,BUS THACO,156,1063
2026,6,PEUGEOT,122,670
2026,6,SAMCO,10,115
2026,6,DAEWOO BUS,6,31
2026,6,VINAMOTOR,5,166
2026,5,Toyota,5653,28916
2026,5,Ford,3493,18491
2026,5,Mitsubishi,3111,18459
2026,5,THACO KIA,2512,13057
2026,5,THACO MAZDA,2304,12937
2026,5,THACO TRUCK,2170,10346
2026,5,Honda,1870,9303
2026,5,Isuzu,1102,4485
2026,5,Suzuki,544,3160
2026,5,Hino,244,1438
2026,5,BUS THACO,185,907
2026,5,PEUGEOT,84,548
2026,5,SAMCO,27,105
2026,5,VINAMOTOR,8,161
2026,5,DAEWOO BUS,1,25
2026,4,Toyota,6378,23263
2026,4,Mitsubishi,3439,15348
2026,4,Ford,2866,14998
2026,4,THACO MAZDA,2532,10633
2026,4,THACO KIA,2469,10545
2026,4,THACO TRUCK,2451,8176
2026,4,Honda,1830,7433
2026,4,Isuzu,860,3383
2026,4,Suzuki,464,2616
2026,4,Hino,232,1194
2026,4,BUS THACO,146,722
2026,4,PEUGEOT,72,464
2026,4,VINAMOTOR,20,153
2026,4,SAMCO,11,78
2026,4,DAEWOO BUS,3,24
2026,3,Toyota,8143,16885
2026,3,Mitsubishi,5086,11909
2026,3,Ford,4538,12132
2026,3,THACO KIA,2849,8076
2026,3,THACO MAZDA,2796,8101
2026,3,THACO TRUCK,2761,5725
2026,3,Honda,1839,5603
2026,3,Isuzu,1067,2523
2026,3,Suzuki,784,2152
2026,3,Hino,423,962
2026,3,BUS THACO,146,576
2026,3,PEUGEOT,103,392
2026,3,VINAMOTOR,102,133
2026,3,SAMCO,45,67
2026,3,DAEWOO BUS,11,21
2026,2,Ford,5121,2473
2026,2,Mitsubishi,5039,1784
2026,2,Toyota,4852,3890
2026,2,THACO MAZDA,3515,1790
2026,2,THACO KIA,3487,1740
2026,2,Honda,2712,1052
2026,2,THACO TRUCK,1680,1284
2026,2,Suzuki,954,414
2026,2,Isuzu,888,568
2026,2,Hino,337,202
2026,2,BUS THACO,321,109
2026,2,PEUGEOT,191,98
2026,2,VINAMOTOR,12,19
2026,2,SAMCO,10,12
2026,2,DAEWOO BUS,2,8
2026,1,Ford,5121,5121
2026,1,Mitsubishi,5039,5039
2026,1,Toyota,4852,4852
2026,1,THACO MAZDA,3515,3515
2026,1,THACO KIA,3487,3487
2026,1,Honda,2712,2712
2026,1,THACO TRUCK,1680,1680
2026,1,Suzuki,954,954
2026,1,Isuzu,888,888
2026,1,Hino,337,337
2026,1,BUS THACO,321,321
2026,1,PEUGEOT,191,191
2026,1,VINAMOTOR,12,12
2026,1,SAMCO,10,10
2026,1,DAEWOO BUS,2,2
2025,12,Mitsubishi,8960,44107
2025,12,Ford,6143,50450
2025,12,THACO MAZDA,4670,32455
2025,12,THACO KIA,4233,27176
2025,12,Honda,3590,28719
2025,12,THACO TRUCK,2827,24810
2025,12,Isuzu,1313,11742
2025,12,Suzuki,879,6596
2025,12,Hino,465,3379
2025,12,PEUGEOT,232,2435
2025,12,BUS THACO,102,2438
2025,12,VINAMOTOR,13,170
2025,12,SAMCO,12,156
2025,12,DAEWOO BUS,2,195
2025,11,Ford,5446,44307
2025,11,Mitsubishi,5056,35147
2025,11,Honda,3986,25129
2025,11,THACO MAZDA,3199,27785
2025,11,THACO KIA,2861,22943
2025,11,THACO TRUCK,2200,21983
2025,11,Isuzu,1071,10429
2025,11,Suzuki,660,5717
2025,11,Hino,396,2914
2025,11,PEUGEOT,178,2203
2025,11,BUS THACO,172,2336
2025,11,DAEWOO BUS,9,193
2025,11,VINAMOTOR,9,157
2025,11,SAMCO,7,144
2025,10,Ford,5206,38861
2025,10,Mitsubishi,5082,30091
2025,10,Honda,3314,21143
2025,10,THACO MAZDA,2814,24586
2025,10,THACO KIA,2265,20082
2025,10,THACO TRUCK,2187,19783
2025,10,Isuzu,1135,9358
2025,10,Suzuki,595,5057
2025,10,Hino,443,2518
2025,10,PEUGEOT,183,2025
2025,10,BUS THACO,145,2164
2025,10,DAEWOO BUS,19,184
2025,10,SAMCO,8,137
2025,10,VINAMOTOR,6,148
2025,9,Ford,4270,33655
2025,9,Mitsubishi,3805,25009
2025,9,THACO MAZDA,2393,21772
2025,9,THACO TRUCK,2045,17596
2025,9,THACO KIA,1837,17817
2025,9,Honda,1704,17829
2025,9,Isuzu,1498,8223
2025,9,Suzuki,584,4462
2025,9,Hino,324,2075
2025,9,BUS THACO,145,2019
2025,9,PEUGEOT,143,1842
2025,9,VINAMOTOR,10,142
2025,9,SAMCO,8,129
2025,9,DAEWOO BUS,5,165
2025,8,Ford,3546,29385
2025,8,Honda,2275,16125
2025,8,Mitsubishi,2180,21204
2025,8,THACO TRUCK,2057,15551
2025,8,THACO MAZDA,1977,19379
2025,8,THACO KIA,1561,15980
2025,8,Isuzu,1061,6725
2025,8,Suzuki,626,3878
2025,8,Hino,275,1751
2025,8,BUS THACO,200,1874
2025,8,PEUGEOT,153,1699
2025,8,DAEWOO BUS,14,160
2025,8,VINAMOTOR,12,132
2025,8,SAMCO,5,121
2025,7,Ford,4139,25839
2025,7,Mitsubishi,3231,19024
2025,7,THACO MAZDA,2717,17402
2025,7,Honda,2617,13850
2025,7,THACO TRUCK,2176,13494
2025,7,THACO KIA,2126,14419
2025,7,Isuzu,1033,5664
2025,7,Suzuki,446,3252
2025,7,BUS THACO,326,1674
2025,7,Hino,280,1476
2025,7,PEUGEOT,222,1546
2025,7,SAMCO,23,116
2025,7,VINAMOTOR,18,120
2025,7,DAEWOO BUS,14,146
2025,6,Ford,4167,21700
2025,6,Mitsubishi,3663,15793
2025,6,THACO MAZDA,2882,14685
2025,6,THACO TRUCK,2315,11318
2025,6,THACO KIA,2177,12293
2025,6,Honda,1523,11233
2025,6,Isuzu,835,4631
2025,6,Suzuki,483,2806
2025,6,BUS THACO,301,1348
2025,6,Hino,250,1196
2025,6,PEUGEOT,228,1324
2025,6,SAMCO,21,93
2025,6,VINAMOTOR,17,102
2025,6,DAEWOO BUS,14,132
2025,5,Toyota,3346,5665
2025,5,Ford,2452,4054
2025,5,THACO MAZDA,2031,2726
2025,5,THACO KIA,1846,1861
2025,5,Honda,1826,1484
2025,5,Mitsubishi,1716,2172
2025,5,THACO TRUCK,820,1945
2025,5,Isuzu,547,963
2025,5,Suzuki,280,487
2025,5,PEUGEOT,193,192
2025,5,BUS THACO,190,263
2025,5,Hino,93,260
2025,5,VINAMOTOR,22,12
2025,5,SAMCO,17,22
2025,5,DAEWOO BUS,16,23
2025,4,Ford,3997,13479
2025,4,THACO MAZDA,2736,9077
2025,4,THACO TRUCK,2150,7058
2025,4,Honda,2142,8226
2025,4,THACO KIA,2055,8255
2025,4,Mitsubishi,2038,9958
2025,4,Isuzu,743,2833
2025,4,Suzuki,530,1836
2025,4,Hino,260,686
2025,4,BUS THACO,245,784
2025,4,PEUGEOT,213,904
2025,4,VINAMOTOR,32,73
2025,4,DAEWOO BUS,22,95
2025,4,SAMCO,12,50
2025,3,Mitsubishi,4412,7920
2025,3,Ford,4272,9482
2025,3,Honda,2450,6084
2025,3,THACO MAZDA,2335,6341
2025,3,THACO KIA,2322,6200
2025,3,THACO TRUCK,2278,4908
2025,3,Isuzu,905,2090
2025,3,Suzuki,612,1306
2025,3,PEUGEOT,259,691
2025,3,BUS THACO,222,539
2025,3,Hino,218,426
2025,3,DAEWOO BUS,35,73
2025,3,SAMCO,19,38
2025,3,VINAMOTOR,12,41
2025,2,Toyota,3114,6460
2025,2,Ford,2758,5210
2025,2,THACO KIA,2032,3878
2025,2,THACO MAZDA,1975,4006
2025,2,THACO TRUCK,1810,2630
2025,2,Honda,1808,3634
2025,2,Mitsubishi,1792,3508
2025,2,Isuzu,638,1185
2025,2,Suzuki,414,694
2025,2,PEUGEOT,239,432
2025,2,BUS THACO,127,317
2025,2,Hino,115,208
2025,2,DAEWOO BUS,22,38
2025,2,VINAMOTOR,7,29
2025,2,SAMCO,2,19
2025,1,Toyota,3346,3346
2025,1,Ford,2452,2452
2025,1,THACO MAZDA,2031,2031
2025,1,THACO KIA,1846,1846
2025,1,Honda,1826,1826
2025,1,Mitsubishi,1716,1716
2025,1,THACO TRUCK,820,820
2025,1,Isuzu,547,547
2025,1,Suzuki,280,280
2025,1,PEUGEOT,193,193
2025,1,BUS THACO,190,190
2025,1,Hino,93,93
2025,1,VINAMOTOR,22,22
2025,1,SAMCO,17,17
2025,1,DAEWOO BUS,16,16
2024,12,Toyota,8642,66576
2024,12,Mitsubishi,3808,41198
2024,12,Ford,3492,42175
2024,12,THACO MAZDA,2846,32601
2024,12,Honda,2374,28267
2024,12,THACO KIA,2052,34570
2024,12,THACO TRUCK,1212,15996
2024,12,Isuzu,851,10522
2024,12,Suzuki,661,10262
2024,12,PEUGEOT,463,3490
2024,12,BUS THACO,188,2255
2024,12,Hino,126,1464
2024,12,VINAMOTOR,25,371
2024,12,SAMCO,11,297
2024,12,DAEWOO BUS,6,117
2024,11,Toyota,8695,57934
2024,11,Ford,5593,38683
2024,11,THACO KIA,5299,32518
2024,11,Mitsubishi,5056,37390
2024,11,Honda,4633,25893
2024,11,THACO MAZDA,4548,29755
2024,11,THACO TRUCK,1940,14784
2024,11,Isuzu,1354,9671
2024,11,Suzuki,877,9601
2024,11,PEUGEOT,494,3027
2024,11,BUS THACO,193,2067
2024,11,Hino,123,1338
2024,11,SAMCO,48,286
2024,11,DAEWOO BUS,30,111
2024,11,VINAMOTOR,27,346
2024,10,Toyota,8736,49239
2024,10,Ford,5052,33090
2024,10,Mitsubishi,4401,32334
2024,10,THACO KIA,4271,27219
2024,10,THACO MAZDA,3933,25207
2024,10,Honda,3606,21260
2024,10,THACO TRUCK,1650,12844
2024,10,Isuzu,1257,8317
2024,10,Suzuki,739,8724
2024,10,PEUGEOT,401,2533
2024,10,BUS THACO,210,1874
2024,10,Hino,81,1215
2024,10,VINAMOTOR,30,319
2024,10,DAEWOO BUS,29,81
2024,10,SAMCO,8,238
2024,9,Toyota,6986,40503
2024,9,Mitsubishi,5385,27933
2024,9,THACO KIA,4015,22948
2024,9,Ford,3967,28038
2024,9,Honda,3607,17654
2024,9,THACO MAZDA,3583,21274
2024,9,THACO TRUCK,1438,11194
2024,9,Isuzu,1110,7060
2024,9,Suzuki,780,7985
2024,9,PEUGEOT,261,2132
2024,9,BUS THACO,182,1664
2024,9,Hino,89,1134
2024,9,VINAMOTOR,27,289
2024,9,DAEWOO BUS,17,52
2024,9,SAMCO,9,230
2024,8,Toyota,4700,33516
2024,8,Mitsubishi,4091,22548
2024,8,Ford,3270,24071
2024,8,THACO MAZDA,2509,17691
2024,8,THACO KIA,2247,18933
2024,8,THACO TRUCK,1288,9756
2024,8,Honda,1160,14047
2024,8,Isuzu,770,5950
2024,8,Suzuki,469,7205
2024,8,PEUGEOT,257,1871
2024,8,BUS THACO,198,1482
2024,8,Hino,79,1045
2024,8,VINAMOTOR,29,262
2024,8,SAMCO,18,221
2024,8,DAEWOO BUS,7,35
2024,7,Toyota,6479,28816
2024,7,Mitsubishi,3835,18457
2024,7,Ford,3150,20801
2024,7,THACO KIA,2679,16686
2024,7,THACO MAZDA,2503,15182
2024,7,Honda,2406,12887
2024,7,THACO TRUCK,1220,8468
2024,7,Isuzu,1044,5180
2024,7,Suzuki,377,6736
2024,7,PEUGEOT,261,1614
2024,7,BUS THACO,206,1284
2024,7,Hino,109,966
2024,7,VINAMOTOR,25,233
2024,7,SAMCO,11,203
2024,7,DAEWOO BUS,4,28
2024,6,Toyota,5178,22338
2024,6,Ford,3307,17651
2024,6,Mitsubishi,2913,14622
2024,6,THACO KIA,2874,14007
2024,6,THACO MAZDA,2562,12679
2024,6,Honda,1381,10481
2024,6,THACO TRUCK,1302,7248
2024,6,Isuzu,828,4136
2024,6,Suzuki,410,6359
2024,6,PEUGEOT,287,1353
2024,6,BUS THACO,244,1078
2024,6,Hino,109,859
2024,6,VINAMOTOR,52,208
2024,6,SAMCO,30,192
2024,6,DAEWOO BUS,,24
2024,5,Toyota,5356,17160
2024,5,Ford,3270,14344
2024,5,Mitsubishi,3151,11709
2024,5,THACO KIA,2315,11133
2024,5,THACO MAZDA,2290,10117
2024,5,THACO TRUCK,1488,5946
2024,5,Honda,1179,9100
2024,5,Isuzu,812,3308
2024,5,Suzuki,753,5949
2024,5,PEUGEOT,234,1066
2024,5,BUS THACO,221,834
2024,5,Hino,148,750
2024,5,VINAMOTOR,31,156
2024,5,SAMCO,25,162
2024,5,DAEWOO BUS,,24
2024,4,Toyota,4483,11804
2024,4,Ford,3053,11074
2024,4,THACO KIA,2539,8818
2024,4,Mitsubishi,2508,8558
2024,4,THACO MAZDA,2150,7827
2024,4,Honda,1802,7921
2024,4,THACO TRUCK,1470,4458
2024,4,Suzuki,1185,5196
2024,4,Isuzu,796,2496
2024,4,BUS THACO,216,613
2024,4,PEUGEOT,210,832
2024,4,Hino,119,602
2024,4,SAMCO,33,137
2024,4,VINAMOTOR,29,125
2024,4,DAEWOO BUS,12,24
2024,3,Toyota,3865,7321
2024,3,Ford,3686,8021
2024,3,Mitsubishi,3439,6050
2024,3,Honda,2832,6119
2024,3,THACO KIA,2524,6279
2024,3,THACO MAZDA,2350,5677
2024,3,Suzuki,1750,4011
2024,3,THACO TRUCK,1653,2988
2024,3,Isuzu,866,1700
2024,3,Hino,283,483
2024,3,PEUGEOT,231,622
2024,3,BUS THACO,165,397
2024,3,VINAMOTOR,33,96
2024,3,SAMCO,24,104
2024,3,DAEWOO BUS,12,12
2024,2,Ford,1664,4335
2024,2,THACO KIA,1386,3755
2024,2,THACO MAZDA,1355,3327
2024,2,Honda,1264,3287
2024,2,Toyota,1248,3456
2024,2,Mitsubishi,818,2611
2024,2,THACO TRUCK,731,1335
2024,2,Suzuki,667,2261
2024,2,Isuzu,352,834
2024,2,PEUGEOT,167,391
2024,2,BUS THACO,82,232
2024,2,Hino,67,200
2024,2,VINAMOTOR,36,63
2024,2,SAMCO,16,80
2024,1,Ford,2671,2671
2024,1,THACO KIA,2369,2369
2024,1,Toyota,2208,2208
2024,1,Honda,2023,2023
2024,1,THACO MAZDA,1972,1972
2024,1,Mitsubishi,1793,1793
2024,1,Suzuki,1594,1594
2024,1,THACO TRUCK,604,604
2024,1,Isuzu,482,482
2024,1,PEUGEOT,224,224
2024,1,BUS THACO,150,150
2024,1,Hino,133,133
2024,1,SAMCO,64,64
2024,1,VINAMOTOR,27,27
